day,d1,d2
1,101.52,88.57
2,94.80,78.37
3,103.75,77.95
4,104.70,76.74
5,90.24,82.46
6,108.49,96.52
7,115.64,91.54
8,98.42,76.64
9,99.92,76.70
10,95.73,82.60
11,104.40,82.97
12,103.89,82.17
13,115.33,89.34
14,120.64,92.93
15,102.34,80.47
16,95.70,80.87
17,101.84,83.49
18,95.21,80.89
19,104.39,82.72
20,114.75,92.27
21,114.08,93.16
22,96.60,82.53
23,106.11,74.17
24,99.23,78.72
25,97.86,78.12
26,98.24,77.44
27,117.66,90.90
28,116.83,97.98
29,102.06,76.54
30,102.15,83.87
