region,year,month,rainfall_mm
Kampala,2015,1,7.8
Kampala,2015,2,52.9
Kampala,2015,3,150.7
Kampala,2015,4,195.3
Kampala,2015,5,297.6
Kampala,2015,6,55.8
Kampala,2015,7,31.9
Kampala,2015,8,45.6
Kampala,2015,9,64.2
Kampala,2015,10,306.6
Kampala,2015,11,417.3
Kampala,2015,12,215.1
Kampala,2016,1,62.9
Kampala,2016,2,30.8
Kampala,2016,3,114.7
Kampala,2016,4,247.8
Kampala,2016,5,185.4
Kampala,2016,6,48.6
Kampala,2016,7,28.2
Kampala,2016,8,53.0
Kampala,2016,9,99.9
Kampala,2016,10,151.0
Kampala,2016,11,112.5
Kampala,2016,12,76.6
Kampala,2017,1,47.4
Kampala,2017,2,127.1
Kampala,2017,3,115.3
Kampala,2017,4,190.8
Kampala,2017,5,217.9
Kampala,2017,6,62.4
Kampala,2017,7,44.3
Kampala,2017,8,69.1
Kampala,2017,9,129.3
Kampala,2017,10,131.1
Kampala,2017,11,163.2
Kampala,2017,12,24.2
Kampala,2018,1,34.1
Kampala,2018,2,52.6
Kampala,2018,3,184.5
Kampala,2018,4,255.9
Kampala,2018,5,115.3
Kampala,2018,6,46.8
Kampala,2018,7,26.0
Kampala,2018,8,75.6
Kampala,2018,9,189.9
Kampala,2018,10,110.4
Kampala,2018,11,191.1
Kampala,2018,12,131.4
Kampala,2019,1,64.8
Kampala,2019,2,71.7
Kampala,2019,3,67.9
Kampala,2019,4,195.3
Kampala,2019,5,171.4
Kampala,2019,6,101.1
Kampala,2019,7,79.4
Kampala,2019,8,102.0
Kampala,2019,9,126.9
Kampala,2019,10,407.0
Kampala,2019,11,156.9
Kampala,2019,12,179.2
Kampala,2020,1,90.5
Kampala,2020,2,126.0
Kampala,2020,3,283.3
Kampala,2020,4,169.5
Kampala,2020,5,165.2
Kampala,2020,6,68.4
Kampala,2020,7,36.9
Kampala,2020,8,73.5
Kampala,2020,9,111.3
Kampala,2020,10,139.2
Kampala,2020,11,265.2
Kampala,2020,12,137.6
Kampala,2021,1,139.8
Kampala,2021,2,46.2
Kampala,2021,3,82.1
Kampala,2021,4,195.9
Kampala,2021,5,85.2
Kampala,2021,6,18.9
Kampala,2021,7,8.4
Kampala,2021,8,23.2
Kampala,2021,9,89.4
Kampala,2021,10,105.7
Kampala,2021,11,220.5
Kampala,2021,12,91.5
Kampala,2022,1,46.8
Kampala,2022,2,45.1
Kampala,2022,3,231.0
Kampala,2022,4,135.3
Kampala,2022,5,129.0
Kampala,2022,6,62.1
Kampala,2022,7,39.7
Kampala,2022,8,106.0
Kampala,2022,9,111.0
Kampala,2022,10,180.1
Kampala,2022,11,203.1
Kampala,2022,12,151.9
Kampala,2023,1,27.0
Kampala,2023,2,38.1
Kampala,2023,3,259.8
Kampala,2023,4,228.9
Kampala,2023,5,83.4
Kampala,2023,6,165.3
Kampala,2023,7,26.0
Kampala,2023,8,50.5
Kampala,2023,9,261.6
Kampala,2023,10,241.8
Kampala,2023,11,300.6
Kampala,2023,12,108.8
Kampala,2024,1,81.2
Kampala,2024,2,81.8
Kampala,2024,3,148.5
Kampala,2024,4,177.0
Kampala,2024,5,71.6
Kampala,2024,6,67.2
Kampala,2024,7,79.4
Kampala,2024,8,63.2
Kampala,2024,9,146.7
Kampala,2024,10,177.3
Kampala,2024,11,178.5
Kampala,2024,12,95.8
Gulu,2015,1,0.3
Gulu,2015,2,9.8
Gulu,2015,3,38.1
Gulu,2015,4,145.5
Gulu,2015,5,236.5
Gulu,2015,6,138.0
Gulu,2015,7,102.6
Gulu,2015,8,117.8
Gulu,2015,9,94.5
Gulu,2015,10,271.2
Gulu,2015,11,192.0
Gulu,2015,12,50.2
Gulu,2016,1,6.2
Gulu,2016,2,0.3
Gulu,2016,3,28.2
Gulu,2016,4,134.1
Gulu,2016,5,125.5
Gulu,2016,6,103.5
Gulu,2016,7,50.2
Gulu,2016,8,144.2
Gulu,2016,9,330.6
Gulu,2016,10,139.8
Gulu,2016,11,44.4
Gulu,2016,12,1.9
Gulu,2017,1,10.2
Gulu,2017,2,32.8
Gulu,2017,3,107.0
Gulu,2017,4,124.5
Gulu,2017,5,169.6
Gulu,2017,6,114.0
Gulu,2017,7,197.8
Gulu,2017,8,255.1
Gulu,2017,9,153.0
Gulu,2017,10,197.5
Gulu,2017,11,109.2
Gulu,2017,12,0.3
Gulu,2018,1,0.0
Gulu,2018,2,7.6
Gulu,2018,3,84.3
Gulu,2018,4,348.9
Gulu,2018,5,194.7
Gulu,2018,6,92.7
Gulu,2018,7,18.0
Gulu,2018,8,90.2
Gulu,2018,9,167.7
Gulu,2018,10,79.4
Gulu,2018,11,36.3
Gulu,2018,12,24.2
Gulu,2019,1,3.1
Gulu,2019,2,14.8
Gulu,2019,3,8.1
Gulu,2019,4,88.8
Gulu,2019,5,111.6
Gulu,2019,6,214.2
Gulu,2019,7,158.4
Gulu,2019,8,236.5
Gulu,2019,9,214.5
Gulu,2019,10,287.4
Gulu,2019,11,63.9
Gulu,2019,12,130.2
Gulu,2020,1,22.3
Gulu,2020,2,26.0
Gulu,2020,3,170.8
Gulu,2020,4,211.8
Gulu,2020,5,175.5
Gulu,2020,6,129.9
Gulu,2020,7,229.1
Gulu,2020,8,214.5
Gulu,2020,9,236.7
Gulu,2020,10,396.5
Gulu,2020,11,80.4
Gulu,2020,12,234.0
Gulu,2021,1,154.1
Gulu,2021,2,1.7
Gulu,2021,3,4.0
Gulu,2021,4,82.5
Gulu,2021,5,284.0
Gulu,2021,6,64.2
Gulu,2021,7,63.5
Gulu,2021,8,49.6
Gulu,2021,9,141.9
Gulu,2021,10,131.1
Gulu,2021,11,78.9
Gulu,2021,12,95.5
Gulu,2022,1,83.7
Gulu,2022,2,3.1
Gulu,2022,3,53.9
Gulu,2022,4,69.3
Gulu,2022,5,95.5
Gulu,2022,6,84.9
Gulu,2022,7,134.8
Gulu,2022,8,191.3
Gulu,2022,9,267.6
Gulu,2022,10,172.7
Gulu,2022,11,81.0
Gulu,2022,12,39.7
Gulu,2023,1,1.6
Gulu,2023,2,2.2
Gulu,2023,3,253.0
Gulu,2023,4,183.9
Gulu,2023,5,113.1
Gulu,2023,6,155.1
Gulu,2023,7,112.8
Gulu,2023,8,82.8
Gulu,2023,9,193.5
Gulu,2023,10,242.7
Gulu,2023,11,256.5
Gulu,2023,12,24.2
Gulu,2024,1,33.5
Gulu,2024,2,93.2
Gulu,2024,3,67.6
Gulu,2024,4,114.0
Gulu,2024,5,100.4
Gulu,2024,6,220.8
Gulu,2024,7,189.7
Gulu,2024,8,136.1
Gulu,2024,9,209.4
Gulu,2024,10,295.7
Gulu,2024,11,99.9
Gulu,2024,12,23.6
Mbarara,2015,1,26.7
Mbarara,2015,2,44.0
Mbarara,2015,3,118.1
Mbarara,2015,4,97.8
Mbarara,2015,5,130.5
Mbarara,2015,6,57.0
Mbarara,2015,7,22.0
Mbarara,2015,8,49.0
Mbarara,2015,9,82.2
Mbarara,2015,10,178.6
Mbarara,2015,11,221.7
Mbarara,2015,12,92.4
Mbarara,2016,1,40.3
Mbarara,2016,2,24.1
Mbarara,2016,3,85.9
Mbarara,2016,4,243.9
Mbarara,2016,5,79.7
Mbarara,2016,6,18.0
Mbarara,2016,7,28.5
Mbarara,2016,8,44.0
Mbarara,2016,9,100.2
Mbarara,2016,10,97.6
Mbarara,2016,11,80.4
Mbarara,2016,12,36.3
Mbarara,2017,1,28.2
Mbarara,2017,2,93.5
Mbarara,2017,3,174.8
Mbarara,2017,4,118.5
Mbarara,2017,5,138.0
Mbarara,2017,6,13.2
Mbarara,2017,7,44.3
Mbarara,2017,8,59.2
Mbarara,2017,9,131.1
Mbarara,2017,10,149.7
Mbarara,2017,11,140.1
Mbarara,2017,12,37.8
Mbarara,2018,1,50.5
Mbarara,2018,2,51.2
Mbarara,2018,3,170.2
Mbarara,2018,4,233.7
Mbarara,2018,5,108.2
Mbarara,2018,6,70.2
Mbarara,2018,7,14.3
Mbarara,2018,8,84.3
Mbarara,2018,9,109.2
Mbarara,2018,10,93.3
Mbarara,2018,11,85.8
Mbarara,2018,12,74.4
Mbarara,2019,1,41.2
Mbarara,2019,2,66.9
Mbarara,2019,3,72.9
Mbarara,2019,4,136.5
Mbarara,2019,5,199.0
Mbarara,2019,6,77.4
Mbarara,2019,7,67.9
Mbarara,2019,8,106.3
Mbarara,2019,9,100.2
Mbarara,2019,10,299.5
Mbarara,2019,11,142.8
Mbarara,2019,12,182.9
Mbarara,2020,1,76.6
Mbarara,2020,2,107.2
Mbarara,2020,3,285.2
Mbarara,2020,4,219.9
Mbarara,2020,5,124.9
Mbarara,2020,6,70.8
Mbarara,2020,7,129.0
Mbarara,2020,8,67.0
Mbarara,2020,9,106.2
Mbarara,2020,10,205.2
Mbarara,2020,11,169.8
Mbarara,2020,12,89.9
Mbarara,2021,1,222.3
Mbarara,2021,2,81.5
Mbarara,2021,3,128.0
Mbarara,2021,4,122.4
Mbarara,2021,5,111.6
Mbarara,2021,6,53.1
Mbarara,2021,7,22.6
Mbarara,2021,8,108.5
Mbarara,2021,9,179.4
Mbarara,2021,10,139.8
Mbarara,2021,11,169.2
Mbarara,2021,12,113.5
Mbarara,2022,1,55.2
Mbarara,2022,2,89.9
Mbarara,2022,3,117.5
Mbarara,2022,4,208.2
Mbarara,2022,5,111.0
Mbarara,2022,6,44.4
Mbarara,2022,7,21.1
Mbarara,2022,8,511.8
Mbarara,2022,9,252.3
Mbarara,2022,10,212.7
Mbarara,2022,11,195.0
Mbarara,2022,12,85.6
Mbarara,2023,1,38.1
Mbarara,2023,2,24.4
Mbarara,2023,3,169.6
Mbarara,2023,4,198.3
Mbarara,2023,5,86.8
Mbarara,2023,6,54.9
Mbarara,2023,7,5.0
Mbarara,2023,8,20.2
Mbarara,2023,9,261.6
Mbarara,2023,10,107.6
Mbarara,2023,11,143.7
Mbarara,2023,12,138.3
Mbarara,2024,1,102.6
Mbarara,2024,2,44.0
Mbarara,2024,3,65.4
Mbarara,2024,4,179.7
Mbarara,2024,5,77.8
Mbarara,2024,6,14.4
Mbarara,2024,7,37.8
Mbarara,2024,8,80.3
Mbarara,2024,9,62.1
Mbarara,2024,10,235.6
Mbarara,2024,11,150.9
Mbarara,2024,12,84.9
